<application>
  <component name="ProjectJdkTable">
    <jdk version="2">
      <name value="Python 3.7 (untitled)" />
      <type value="Python SDK" />
      <version value="Python 3.7.0" />
      <homePath value="C:\Users\vito\PycharmProjects\untitled\venv\Scripts\python.exe" />
      <roots>
        <classPath>
          <root type="composite">
            <root url="file://$USER_HOME$/AppData/Local/Programs/Python/Python37-32/DLLs" type="simple" />
            <root url="file://$USER_HOME$/AppData/Local/Programs/Python/Python37-32/Lib" type="simple" />
            <root url="file://$USER_HOME$/AppData/Local/Programs/Python/Python37-32" type="simple" />
            <root url="file://$USER_HOME$/PycharmProjects/untitled/venv" type="simple" />
            <root url="file://$USER_HOME$/PycharmProjects/untitled/venv/Lib/site-packages" type="simple" />
            <root url="jar://$USER_HOME$/PycharmProjects/untitled/venv/Lib/site-packages/setuptools-39.1.0-py3.7.egg!/" type="simple" />
            <root url="file://$USER_HOME$/PycharmProjects/untitled/venv/Lib/site-packages/pip-10.0.1-py3.7.egg" type="simple" />
            <root url="file://$USER_HOME$/.PyCharmCE2018.1/system/python_stubs/165375710" type="simple" />
            <root url="file://$APPLICATION_HOME_DIR$/helpers/python-skeletons" type="simple" />
            <root url="file://$APPLICATION_HOME_DIR$/helpers/typeshed/stdlib/3.6" type="simple" />
            <root url="file://$APPLICATION_HOME_DIR$/helpers/typeshed/stdlib/3.5" type="simple" />
            <root url="file://$APPLICATION_HOME_DIR$/helpers/typeshed/stdlib/3.4" type="simple" />
            <root url="file://$APPLICATION_HOME_DIR$/helpers/typeshed/stdlib/3.3" type="simple" />
            <root url="file://$APPLICATION_HOME_DIR$/helpers/typeshed/stdlib/3" type="simple" />
            <root url="file://$APPLICATION_HOME_DIR$/helpers/typeshed/stdlib/2and3" type="simple" />
            <root url="file://$APPLICATION_HOME_DIR$/helpers/typeshed/third_party/3" type="simple" />
            <root url="file://$APPLICATION_HOME_DIR$/helpers/typeshed/third_party/2and3" type="simple" />
          </root>
        </classPath>
        <sourcePath>
          <root type="composite" />
        </sourcePath>
      </roots>
      <additional ASSOCIATED_PROJECT_PATH="$USER_HOME$/PycharmProjects/untitled" />
    </jdk>
    <jdk version="2">
      <name value="Python 3.6 (untitled)" />
      <type value="Python SDK" />
      <version value="Python 3.6.6" />
      <homePath value="C:\Users\vito\Anaconda3\envs\untitled\python.exe" />
      <roots>
        <classPath>
          <root type="composite">
            <root url="file://$USER_HOME$/Anaconda3/envs/untitled/DLLs" type="simple" />
            <root url="file://$USER_HOME$/Anaconda3/envs/untitled/Lib" type="simple" />
            <root url="file://$USER_HOME$/Anaconda3/envs/untitled" type="simple" />
            <root url="file://$USER_HOME$/Anaconda3/envs/untitled/Lib/site-packages" type="simple" />
            <root url="file://$USER_HOME$/.PyCharmCE2018.3/system/python_stubs/-588079542" type="simple" />
            <root url="file://$APPLICATION_HOME_DIR$/helpers/python-skeletons" type="simple" />
            <root url="file://$APPLICATION_HOME_DIR$/helpers/typeshed/stdlib/3" type="simple" />
            <root url="file://$APPLICATION_HOME_DIR$/helpers/typeshed/stdlib/2and3" type="simple" />
            <root url="file://$APPLICATION_HOME_DIR$/helpers/typeshed/third_party/3" type="simple" />
            <root url="file://$APPLICATION_HOME_DIR$/helpers/typeshed/third_party/2and3" type="simple" />
          </root>
        </classPath>
        <sourcePath>
          <root type="composite" />
        </sourcePath>
      </roots>
      <additional ASSOCIATED_PROJECT_PATH="$USER_HOME$/PycharmProjects/untitled" />
    </jdk>
  </component>
</application>