<application>
  <component name="PropertiesComponent">
    <property name="Default.savedEditorTheme" value="_@user_Default" />
    <property name="PACKAGE_FILTER" value="learn&#10;tenso&#10;tensorflow" />
    <property name="PyCharm.InitialConfiguration" value="true" />
    <property name="PyCharm.InitialConfiguration.V2" value="true" />
    <property name="PyCharm.InitialConfiguration.V3" value="true" />
    <property name="PyCharm.InitialConfiguration.V4" value="true" />
    <property name="PyCharm.InitialConfiguration.V5" value="true" />
    <property name="PyCharm.InitialConfiguration.V6" value="true" />
    <property name="PyCharm.InitialConfiguration.V7" value="true" />
    <property name="PyCharm.initialConfigurationShown" value="true" />
    <property name="file.gist.reindex.count" value="22646" />
    <property name="fileTypeChangedCounter" value="1" />
    <property name="lastTip" value="2" />
  </component>
  <component name="PyTestFrameworkService">
    <option name="SDK_TO_PYTEST">
      <map>
        <entry key="C:\Users\vito\Anaconda3\envs\untitled\python.exe" value="false" />
      </map>
    </option>
    <option name="SDK_TO_NOSETEST">
      <map>
        <entry key="C:\Users\vito\Anaconda3\envs\untitled\python.exe" value="false" />
      </map>
    </option>
    <option name="SDK_TO_TRIALTEST">
      <map>
        <entry key="C:\Users\vito\Anaconda3\envs\untitled\python.exe" value="false" />
      </map>
    </option>
  </component>
</application>